Workbook

Sheet Raw_Data
A1: Work_Order_ID | B1: Open_Date | C1: Close_Date | D1: Status | E1: Equipment_Type | F1: Location | G1: Technician | H1: Labor_Hours | I1: Parts_Cost | J1: Priority
A2: WO-1001 | B2: 46204 | C2: 46205 | D2: Closed | E2: Forklift | F2: Warehouse A | G2: Alex Smith | H2: 2.5 | I2: 84.5 | J2: High
A3: WO-1002 | B3: 46204 | D3: Open | E3: Forklift | F3: Warehouse A | G3: Jordan Lee | H3: 1 | I3: 0 | J3: Medium
A4: WO-1003 | B4: 46205 | C4: 46208 | D4: Complete | E4: Fork lift | F4: Warehouse B | G4: Alex Smith | H4: 4 | I4: 220.75 | J4: High
A5: WO-1004 | B5: 46206 | C5: 46206 | D5: closed | E5: Conveyor | F5: Warehouse A | G5: Sam Patel | H5: 1.5 | I5: 45 | J5: Low
A6: WO-1005 | B6: 46206 | D6: In Progress | E6: Conveyor | F6: Warehouse B | G6: Jordan Lee | H6: 3 | I6: 110.25 | J6: Medium
A7: WO-1006 | B7: 46207 | C7: 46209 | D7: Completed | E7: FL | F7: Warehouse A | G7: Alex Smith | H7: 2 | I7: 64 | J7: High
A8: WO-1007 | B8: 46208 | C8: 46210 | D8: Closed | E8: Generator | F8: Warehouse C | G8: Sam Patel | H8: 5.5 | I8: 410 | J8: High
A9: WO-1008 | B9: 46208 | D9: Open | E9: Generator | F9: Warehouse C | G9: Jordan Lee | H9: 0.5 | I9: 0 | J9: Low
A10: WO-1009 | B10: 46209 | C10: 46211 | D10: Complete | E10: Forklift | F10: Warehouse B | G10: Alex Smith | H10: 3.5 | I10: 175 | J10: Medium
A11: WO-1010 | B11: 46209 | D11: Completed | E11: Conveyor | F11: Warehouse A | G11: Sam Patel | H11: 2.5 | I11: 89.5 | J11: Medium
A12: WO-1011 | B12: 46210 | C12: 46212 | D12: Closed | E12: Fork lift | F12: Warehouse B | G12: Jordan Lee | H12: 4 | I12: 315 | J12: High
A13: WO-1012 | B13: 46211 | D13: Open | E13: FL | F13: Warehouse A | G13: Alex Smith | H13: 1 | I13: 0 | J13: Low
A14: WO-1013 | B14: 46211 | C14: 46213 | D14: Closed | E14: Generator | F14: Warehouse C | G14: Sam Patel | H14: 6 | I14: 525 | J14: High
A15: WO-1014 | B15: 46212 | C15: 46214 | D15: Complete | E15: Conveyor | F15: Warehouse B | G15: Jordan Lee | H15: 2 | I15: -25 | J15: Medium
A16: WO-1015 | B16: 46213 | D16: In Progress | E16: Forklift | F16: Warehouse A | G16: Alex Smith | H16: 3 | I16: 140 | J16: High
A17: WO-1016 | B17: 46213 | C17: 46215 | D17: closed | E17: Generator | F17: Warehouse C | G17: Sam Patel | H17: 4.5 | I17: 290 | J17: Medium
A18: WO-1017 | B18: 46214 | D18: Open | E18: Fork lift | F18: Warehouse B | G18: Jordan Lee | H18: 1.5 | I18: 0 | J18: Low
A19: WO-1018 | B19: 46215 | C19: 46217 | D19: Completed | E19: Conveyor | F19: Warehouse A | G19: Alex Smith | H19: 3.5 | I19: 199 | J19: High
A20: WO-1019 | B20: 46215 | C20: 46217 | D20: Closed | E20: FL | F20: Warehouse B | G20: Sam Patel | H20: 2.5 | I20: 105 | J20: Medium
A21: WO-1020 | B21: 46216 | D21: Open | E21: Generator | F21: Warehouse C | G21: Jordan Lee | H21: 1 | I21: 0 | J21: Low
B22: 46216 | C22: 46218 | D22: Completed | E22: Forklift | F22: Warehouse A | G22: Alex Smith | H22: 2 | I22: 75 | J22: Medium
A23: WO-1022 | B23: 46217 | D23: Completed | E23: Conveyor | F23: Warehouse B | G23: Sam Patel | H23: 2 | I23: 120 | J23: High
A24: WO-1019 | B24: 46215 | C24: 46217 | D24: Closed | E24: FL | F24: Warehouse B | G24: Sam Patel | H24: 2.5 | I24: 105 | J24: Medium

Sheet Cleaned_Data
A1: Work_Order_ID | B1: Open_Date | C1: Close_Date | D1: Status | E1: Equipment_Type | F1: Location | G1: Technician | H1: Labor_Hours | I1: Parts_Cost | J1: Priority | K1: Standard_Status | L1: Standard_Equipment | M1: Days_Open | N1: Data_Quality_Flag
A2: WO-1001 | B2: 46204 | C2: 46205 | D2: Closed | E2: Forklift | F2: Warehouse A | G2: Alex Smith | H2: 2.5 | I2: 84.5 | J2: High | K2: =IF(OR(UPPER(TRIM(D2))="CLOSED",UPPER(TRIM(D2))="COMPLETE",UPPER(TRIM(D2))="COMPLETED"),"COMPLETED",IF(UPPER(TRIM(D2))="IN PROGRESS","IN PROGRESS",UPPER(TRIM(D2)))) -> COMPLETED | L2: =IF(OR(LOWER(TRIM(E2))="forklift",LOWER(TRIM(E2))="fork lift",UPPER(TRIM(E2))="FL"),"FORKLIFT",UPPER(TRIM(E2))) -> FORKLIFT | M2: =IF(C2="",TODAY()-B2,C2-B2) -> 1 | N2: =_xlfn.TEXTJOIN("; ",TRUE,IF(A2="","Missing work order ID",""),IF(AND(K2="COMPLETED",C2=""),"Completed with no close date",""),IF(I2<0,"Negative parts cost",""),IF(COUNTIF($A$2:$A$24,A2)>1,"Duplicate work order ID",""))
A3: WO-1002 | B3: 46204 | D3: Open | E3: Forklift | F3: Warehouse A | G3: Jordan Lee | H3: 1 | I3: 0 | J3: Medium | K3: =IF(OR(UPPER(TRIM(D3))="CLOSED",UPPER(TRIM(D3))="COMPLETE",UPPER(TRIM(D3))="COMPLETED"),"COMPLETED",IF(UPPER(TRIM(D3))="IN PROGRESS","IN PROGRESS",UPPER(TRIM(D3)))) -> OPEN | L3: =IF(OR(LOWER(TRIM(E3))="forklift",LOWER(TRIM(E3))="fork lift",UPPER(TRIM(E3))="FL"),"FORKLIFT",UPPER(TRIM(E3))) -> FORKLIFT | M3: =IF(C3="",TODAY()-B3,C3-B3) -> 49 | N3: =_xlfn.TEXTJOIN("; ",TRUE,IF(A3="","Missing work order ID",""),IF(AND(K3="COMPLETED",C3=""),"Completed with no close date",""),IF(I3<0,"Negative parts cost",""),IF(COUNTIF($A$2:$A$24,A3)>1,"Duplicate work order ID",""))
A4: WO-1003 | B4: 46205 | C4: 46208 | D4: Complete | E4: Fork lift | F4: Warehouse B | G4: Alex Smith | H4: 4 | I4: 220.75 | J4: High | K4: =IF(OR(UPPER(TRIM(D4))="CLOSED",UPPER(TRIM(D4))="COMPLETE",UPPER(TRIM(D4))="COMPLETED"),"COMPLETED",IF(UPPER(TRIM(D4))="IN PROGRESS","IN PROGRESS",UPPER(TRIM(D4)))) -> COMPLETED | L4: =IF(OR(LOWER(TRIM(E4))="forklift",LOWER(TRIM(E4))="fork lift",UPPER(TRIM(E4))="FL"),"FORKLIFT",UPPER(TRIM(E4))) -> FORKLIFT | M4: =IF(C4="",TODAY()-B4,C4-B4) -> 3 | N4: =_xlfn.TEXTJOIN("; ",TRUE,IF(A4="","Missing work order ID",""),IF(AND(K4="COMPLETED",C4=""),"Completed with no close date",""),IF(I4<0,"Negative parts cost",""),IF(COUNTIF($A$2:$A$24,A4)>1,"Duplicate work order ID",""))
A5: WO-1004 | B5: 46206 | C5: 46206 | D5: closed | E5: Conveyor | F5: Warehouse A | G5: Sam Patel | H5: 1.5 | I5: 45 | J5: Low | K5: =IF(OR(UPPER(TRIM(D5))="CLOSED",UPPER(TRIM(D5))="COMPLETE",UPPER(TRIM(D5))="COMPLETED"),"COMPLETED",IF(UPPER(TRIM(D5))="IN PROGRESS","IN PROGRESS",UPPER(TRIM(D5)))) -> COMPLETED | L5: =IF(OR(LOWER(TRIM(E5))="forklift",LOWER(TRIM(E5))="fork lift",UPPER(TRIM(E5))="FL"),"FORKLIFT",UPPER(TRIM(E5))) -> CONVEYOR | M5: =IF(C5="",TODAY()-B5,C5-B5) -> 0 | N5: =_xlfn.TEXTJOIN("; ",TRUE,IF(A5="","Missing work order ID",""),IF(AND(K5="COMPLETED",C5=""),"Completed with no close date",""),IF(I5<0,"Negative parts cost",""),IF(COUNTIF($A$2:$A$24,A5)>1,"Duplicate work order ID",""))
A6: WO-1005 | B6: 46206 | D6: In Progress | E6: Conveyor | F6: Warehouse B | G6: Jordan Lee | H6: 3 | I6: 110.25 | J6: Medium | K6: =IF(OR(UPPER(TRIM(D6))="CLOSED",UPPER(TRIM(D6))="COMPLETE",UPPER(TRIM(D6))="COMPLETED"),"COMPLETED",IF(UPPER(TRIM(D6))="IN PROGRESS","IN PROGRESS",UPPER(TRIM(D6)))) -> IN PROGRESS | L6: =IF(OR(LOWER(TRIM(E6))="forklift",LOWER(TRIM(E6))="fork lift",UPPER(TRIM(E6))="FL"),"FORKLIFT",UPPER(TRIM(E6))) -> CONVEYOR | M6: =IF(C6="",TODAY()-B6,C6-B6) -> 47 | N6: =_xlfn.TEXTJOIN("; ",TRUE,IF(A6="","Missing work order ID",""),IF(AND(K6="COMPLETED",C6=""),"Completed with no close date",""),IF(I6<0,"Negative parts cost",""),IF(COUNTIF($A$2:$A$24,A6)>1,"Duplicate work order ID",""))
A7: WO-1006 | B7: 46207 | C7: 46209 | D7: Completed | E7: FL | F7: Warehouse A | G7: Alex Smith | H7: 2 | I7: 64 | J7: High | K7: =IF(OR(UPPER(TRIM(D7))="CLOSED",UPPER(TRIM(D7))="COMPLETE",UPPER(TRIM(D7))="COMPLETED"),"COMPLETED",IF(UPPER(TRIM(D7))="IN PROGRESS","IN PROGRESS",UPPER(TRIM(D7)))) -> COMPLETED | L7: =IF(OR(LOWER(TRIM(E7))="forklift",LOWER(TRIM(E7))="fork lift",UPPER(TRIM(E7))="FL"),"FORKLIFT",UPPER(TRIM(E7))) -> FORKLIFT | M7: =IF(C7="",TODAY()-B7,C7-B7) -> 2 | N7: =_xlfn.TEXTJOIN("; ",TRUE,IF(A7="","Missing work order ID",""),IF(AND(K7="COMPLETED",C7=""),"Completed with no close date",""),IF(I7<0,"Negative parts cost",""),IF(COUNTIF($A$2:$A$24,A7)>1,"Duplicate work order ID",""))
A8: WO-1007 | B8: 46208 | C8: 46210 | D8: Closed | E8: Generator | F8: Warehouse C | G8: Sam Patel | H8: 5.5 | I8: 410 | J8: High | K8: =IF(OR(UPPER(TRIM(D8))="CLOSED",UPPER(TRIM(D8))="COMPLETE",UPPER(TRIM(D8))="COMPLETED"),"COMPLETED",IF(UPPER(TRIM(D8))="IN PROGRESS","IN PROGRESS",UPPER(TRIM(D8)))) -> COMPLETED | L8: =IF(OR(LOWER(TRIM(E8))="forklift",LOWER(TRIM(E8))="fork lift",UPPER(TRIM(E8))="FL"),"FORKLIFT",UPPER(TRIM(E8))) -> GENERATOR | M8: =IF(C8="",TODAY()-B8,C8-B8) -> 2 | N8: =_xlfn.TEXTJOIN("; ",TRUE,IF(A8="","Missing work order ID",""),IF(AND(K8="COMPLETED",C8=""),"Completed with no close date",""),IF(I8<0,"Negative parts cost",""),IF(COUNTIF($A$2:$A$24,A8)>1,"Duplicate work order ID",""))
A9: WO-1008 | B9: 46208 | D9: Open | E9: Generator | F9: Warehouse C | G9: Jordan Lee | H9: 0.5 | I9: 0 | J9: Low | K9: =IF(OR(UPPER(TRIM(D9))="CLOSED",UPPER(TRIM(D9))="COMPLETE",UPPER(TRIM(D9))="COMPLETED"),"COMPLETED",IF(UPPER(TRIM(D9))="IN PROGRESS","IN PROGRESS",UPPER(TRIM(D9)))) -> OPEN | L9: =IF(OR(LOWER(TRIM(E9))="forklift",LOWER(TRIM(E9))="fork lift",UPPER(TRIM(E9))="FL"),"FORKLIFT",UPPER(TRIM(E9))) -> GENERATOR | M9: =IF(C9="",TODAY()-B9,C9-B9) -> 45 | N9: =_xlfn.TEXTJOIN("; ",TRUE,IF(A9="","Missing work order ID",""),IF(AND(K9="COMPLETED",C9=""),"Completed with no close date",""),IF(I9<0,"Negative parts cost",""),IF(COUNTIF($A$2:$A$24,A9)>1,"Duplicate work order ID",""))
A10: WO-1009 | B10: 46209 | C10: 46211 | D10: Complete | E10: Forklift | F10: Warehouse B | G10: Alex Smith | H10: 3.5 | I10: 175 | J10: Medium | K10: =IF(OR(UPPER(TRIM(D10))="CLOSED",UPPER(TRIM(D10))="COMPLETE",UPPER(TRIM(D10))="COMPLETED"),"COMPLETED",IF(UPPER(TRIM(D10))="IN PROGRESS","IN PROGRESS",UPPER(TRIM(D10)))) -> COMPLETED | L10: =IF(OR(LOWER(TRIM(E10))="forklift",LOWER(TRIM(E10))="fork lift",UPPER(TRIM(E10))="FL"),"FORKLIFT",UPPER(TRIM(E10))) -> FORKLIFT | M10: =IF(C10="",TODAY()-B10,C10-B10) -> 2 | N10: =_xlfn.TEXTJOIN("; ",TRUE,IF(A10="","Missing work order ID",""),IF(AND(K10="COMPLETED",C10=""),"Completed with no close date",""),IF(I10<0,"Negative parts cost",""),IF(COUNTIF($A$2:$A$24,A10)>1,"Duplicate work order ID",""))
A11: WO-1010 | B11: 46209 | D11: Completed | E11: Conveyor | F11: Warehouse A | G11: Sam Patel | H11: 2.5 | I11: 89.5 | J11: Medium | K11: =IF(OR(UPPER(TRIM(D11))="CLOSED",UPPER(TRIM(D11))="COMPLETE",UPPER(TRIM(D11))="COMPLETED"),"COMPLETED",IF(UPPER(TRIM(D11))="IN PROGRESS","IN PROGRESS",UPPER(TRIM(D11)))) -> COMPLETED | L11: =IF(OR(LOWER(TRIM(E11))="forklift",LOWER(TRIM(E11))="fork lift",UPPER(TRIM(E11))="FL"),"FORKLIFT",UPPER(TRIM(E11))) -> CONVEYOR | M11: =IF(C11="",TODAY()-B11,C11-B11) -> 44 | N11: =_xlfn.TEXTJOIN("; ",TRUE,IF(A11="","Missing work order ID",""),IF(AND(K11="COMPLETED",C11=""),"Completed with no close date",""),IF(I11<0,"Negative parts cost",""),IF(COUNTIF($A$2:$A$24,A11)>1,"Duplicate work order ID","")) -> Completed with no close date
A12: WO-1011 | B12: 46210 | C12: 46212 | D12: Closed | E12: Fork lift | F12: Warehouse B | G12: Jordan Lee | H12: 4 | I12: 315 | J12: High | K12: =IF(OR(UPPER(TRIM(D12))="CLOSED",UPPER(TRIM(D12))="COMPLETE",UPPER(TRIM(D12))="COMPLETED"),"COMPLETED",IF(UPPER(TRIM(D12))="IN PROGRESS","IN PROGRESS",UPPER(TRIM(D12)))) -> COMPLETED | L12: =IF(OR(LOWER(TRIM(E12))="forklift",LOWER(TRIM(E12))="fork lift",UPPER(TRIM(E12))="FL"),"FORKLIFT",UPPER(TRIM(E12))) -> FORKLIFT | M12: =IF(C12="",TODAY()-B12,C12-B12) -> 2 | N12: =_xlfn.TEXTJOIN("; ",TRUE,IF(A12="","Missing work order ID",""),IF(AND(K12="COMPLETED",C12=""),"Completed with no close date",""),IF(I12<0,"Negative parts cost",""),IF(COUNTIF($A$2:$A$24,A12)>1,"Duplicate work order ID",""))
A13: WO-1012 | B13: 46211 | D13: Open | E13: FL | F13: Warehouse A | G13: Alex Smith | H13: 1 | I13: 0 | J13: Low | K13: =IF(OR(UPPER(TRIM(D13))="CLOSED",UPPER(TRIM(D13))="COMPLETE",UPPER(TRIM(D13))="COMPLETED"),"COMPLETED",IF(UPPER(TRIM(D13))="IN PROGRESS","IN PROGRESS",UPPER(TRIM(D13)))) -> OPEN | L13: =IF(OR(LOWER(TRIM(E13))="forklift",LOWER(TRIM(E13))="fork lift",UPPER(TRIM(E13))="FL"),"FORKLIFT",UPPER(TRIM(E13))) -> FORKLIFT | M13: =IF(C13="",TODAY()-B13,C13-B13) -> 42 | N13: =_xlfn.TEXTJOIN("; ",TRUE,IF(A13="","Missing work order ID",""),IF(AND(K13="COMPLETED",C13=""),"Completed with no close date",""),IF(I13<0,"Negative parts cost",""),IF(COUNTIF($A$2:$A$24,A13)>1,"Duplicate work order ID",""))
A14: WO-1013 | B14: 46211 | C14: 46213 | D14: Closed | E14: Generator | F14: Warehouse C | G14: Sam Patel | H14: 6 | I14: 525 | J14: High | K14: =IF(OR(UPPER(TRIM(D14))="CLOSED",UPPER(TRIM(D14))="COMPLETE",UPPER(TRIM(D14))="COMPLETED"),"COMPLETED",IF(UPPER(TRIM(D14))="IN PROGRESS","IN PROGRESS",UPPER(TRIM(D14)))) -> COMPLETED | L14: =IF(OR(LOWER(TRIM(E14))="forklift",LOWER(TRIM(E14))="fork lift",UPPER(TRIM(E14))="FL"),"FORKLIFT",UPPER(TRIM(E14))) -> GENERATOR | M14: =IF(C14="",TODAY()-B14,C14-B14) -> 2 | N14: =_xlfn.TEXTJOIN("; ",TRUE,IF(A14="","Missing work order ID",""),IF(AND(K14="COMPLETED",C14=""),"Completed with no close date",""),IF(I14<0,"Negative parts cost",""),IF(COUNTIF($A$2:$A$24,A14)>1,"Duplicate work order ID",""))
A15: WO-1014 | B15: 46212 | C15: 46214 | D15: Complete | E15: Conveyor | F15: Warehouse B | G15: Jordan Lee | H15: 2 | I15: -25 | J15: Medium | K15: =IF(OR(UPPER(TRIM(D15))="CLOSED",UPPER(TRIM(D15))="COMPLETE",UPPER(TRIM(D15))="COMPLETED"),"COMPLETED",IF(UPPER(TRIM(D15))="IN PROGRESS","IN PROGRESS",UPPER(TRIM(D15)))) -> COMPLETED | L15: =IF(OR(LOWER(TRIM(E15))="forklift",LOWER(TRIM(E15))="fork lift",UPPER(TRIM(E15))="FL"),"FORKLIFT",UPPER(TRIM(E15))) -> CONVEYOR | M15: =IF(C15="",TODAY()-B15,C15-B15) -> 2 | N15: =_xlfn.TEXTJOIN("; ",TRUE,IF(A15="","Missing work order ID",""),IF(AND(K15="COMPLETED",C15=""),"Completed with no close date",""),IF(I15<0,"Negative parts cost",""),IF(COUNTIF($A$2:$A$24,A15)>1,"Duplicate work order ID","")) -> Negative parts cost
A16: WO-1015 | B16: 46213 | D16: In Progress | E16: Forklift | F16: Warehouse A | G16: Alex Smith | H16: 3 | I16: 140 | J16: High | K16: =IF(OR(UPPER(TRIM(D16))="CLOSED",UPPER(TRIM(D16))="COMPLETE",UPPER(TRIM(D16))="COMPLETED"),"COMPLETED",IF(UPPER(TRIM(D16))="IN PROGRESS","IN PROGRESS",UPPER(TRIM(D16)))) -> IN PROGRESS | L16: =IF(OR(LOWER(TRIM(E16))="forklift",LOWER(TRIM(E16))="fork lift",UPPER(TRIM(E16))="FL"),"FORKLIFT",UPPER(TRIM(E16))) -> FORKLIFT | M16: =IF(C16="",TODAY()-B16,C16-B16) -> 40 | N16: =_xlfn.TEXTJOIN("; ",TRUE,IF(A16="","Missing work order ID",""),IF(AND(K16="COMPLETED",C16=""),"Completed with no close date",""),IF(I16<0,"Negative parts cost",""),IF(COUNTIF($A$2:$A$24,A16)>1,"Duplicate work order ID",""))
A17: WO-1016 | B17: 46213 | C17: 46215 | D17: closed | E17: Generator | F17: Warehouse C | G17: Sam Patel | H17: 4.5 | I17: 290 | J17: Medium | K17: =IF(OR(UPPER(TRIM(D17))="CLOSED",UPPER(TRIM(D17))="COMPLETE",UPPER(TRIM(D17))="COMPLETED"),"COMPLETED",IF(UPPER(TRIM(D17))="IN PROGRESS","IN PROGRESS",UPPER(TRIM(D17)))) -> COMPLETED | L17: =IF(OR(LOWER(TRIM(E17))="forklift",LOWER(TRIM(E17))="fork lift",UPPER(TRIM(E17))="FL"),"FORKLIFT",UPPER(TRIM(E17))) -> GENERATOR | M17: =IF(C17="",TODAY()-B17,C17-B17) -> 2 | N17: =_xlfn.TEXTJOIN("; ",TRUE,IF(A17="","Missing work order ID",""),IF(AND(K17="COMPLETED",C17=""),"Completed with no close date",""),IF(I17<0,"Negative parts cost",""),IF(COUNTIF($A$2:$A$24,A17)>1,"Duplicate work order ID",""))
A18: WO-1017 | B18: 46214 | D18: Open | E18: Fork lift | F18: Warehouse B | G18: Jordan Lee | H18: 1.5 | I18: 0 | J18: Low | K18: =IF(OR(UPPER(TRIM(D18))="CLOSED",UPPER(TRIM(D18))="COMPLETE",UPPER(TRIM(D18))="COMPLETED"),"COMPLETED",IF(UPPER(TRIM(D18))="IN PROGRESS","IN PROGRESS",UPPER(TRIM(D18)))) -> OPEN | L18: =IF(OR(LOWER(TRIM(E18))="forklift",LOWER(TRIM(E18))="fork lift",UPPER(TRIM(E18))="FL"),"FORKLIFT",UPPER(TRIM(E18))) -> FORKLIFT | M18: =IF(C18="",TODAY()-B18,C18-B18) -> 39 | N18: =_xlfn.TEXTJOIN("; ",TRUE,IF(A18="","Missing work order ID",""),IF(AND(K18="COMPLETED",C18=""),"Completed with no close date",""),IF(I18<0,"Negative parts cost",""),IF(COUNTIF($A$2:$A$24,A18)>1,"Duplicate work order ID",""))
A19: WO-1018 | B19: 46215 | C19: 46217 | D19: Completed | E19: Conveyor | F19: Warehouse A | G19: Alex Smith | H19: 3.5 | I19: 199 | J19: High | K19: =IF(OR(UPPER(TRIM(D19))="CLOSED",UPPER(TRIM(D19))="COMPLETE",UPPER(TRIM(D19))="COMPLETED"),"COMPLETED",IF(UPPER(TRIM(D19))="IN PROGRESS","IN PROGRESS",UPPER(TRIM(D19)))) -> COMPLETED | L19: =IF(OR(LOWER(TRIM(E19))="forklift",LOWER(TRIM(E19))="fork lift",UPPER(TRIM(E19))="FL"),"FORKLIFT",UPPER(TRIM(E19))) -> CONVEYOR | M19: =IF(C19="",TODAY()-B19,C19-B19) -> 2 | N19: =_xlfn.TEXTJOIN("; ",TRUE,IF(A19="","Missing work order ID",""),IF(AND(K19="COMPLETED",C19=""),"Completed with no close date",""),IF(I19<0,"Negative parts cost",""),IF(COUNTIF($A$2:$A$24,A19)>1,"Duplicate work order ID",""))
A20: WO-1019 | B20: 46215 | C20: 46217 | D20: Closed | E20: FL | F20: Warehouse B | G20: Sam Patel | H20: 2.5 | I20: 105 | J20: Medium | K20: =IF(OR(UPPER(TRIM(D20))="CLOSED",UPPER(TRIM(D20))="COMPLETE",UPPER(TRIM(D20))="COMPLETED"),"COMPLETED",IF(UPPER(TRIM(D20))="IN PROGRESS","IN PROGRESS",UPPER(TRIM(D20)))) -> COMPLETED | L20: =IF(OR(LOWER(TRIM(E20))="forklift",LOWER(TRIM(E20))="fork lift",UPPER(TRIM(E20))="FL"),"FORKLIFT",UPPER(TRIM(E20))) -> FORKLIFT | M20: =IF(C20="",TODAY()-B20,C20-B20) -> 2 | N20: =_xlfn.TEXTJOIN("; ",TRUE,IF(A20="","Missing work order ID",""),IF(AND(K20="COMPLETED",C20=""),"Completed with no close date",""),IF(I20<0,"Negative parts cost",""),IF(COUNTIF($A$2:$A$24,A20)>1,"Duplicate work order ID","")) -> Duplicate work order ID
A21: WO-1020 | B21: 46216 | D21: Open | E21: Generator | F21: Warehouse C | G21: Jordan Lee | H21: 1 | I21: 0 | J21: Low | K21: =IF(OR(UPPER(TRIM(D21))="CLOSED",UPPER(TRIM(D21))="COMPLETE",UPPER(TRIM(D21))="COMPLETED"),"COMPLETED",IF(UPPER(TRIM(D21))="IN PROGRESS","IN PROGRESS",UPPER(TRIM(D21)))) -> OPEN | L21: =IF(OR(LOWER(TRIM(E21))="forklift",LOWER(TRIM(E21))="fork lift",UPPER(TRIM(E21))="FL"),"FORKLIFT",UPPER(TRIM(E21))) -> GENERATOR | M21: =IF(C21="",TODAY()-B21,C21-B21) -> 37 | N21: =_xlfn.TEXTJOIN("; ",TRUE,IF(A21="","Missing work order ID",""),IF(AND(K21="COMPLETED",C21=""),"Completed with no close date",""),IF(I21<0,"Negative parts cost",""),IF(COUNTIF($A$2:$A$24,A21)>1,"Duplicate work order ID",""))
B22: 46216 | C22: 46218 | D22: Completed | E22: Forklift | F22: Warehouse A | G22: Alex Smith | H22: 2 | I22: 75 | J22: Medium | K22: =IF(OR(UPPER(TRIM(D22))="CLOSED",UPPER(TRIM(D22))="COMPLETE",UPPER(TRIM(D22))="COMPLETED"),"COMPLETED",IF(UPPER(TRIM(D22))="IN PROGRESS","IN PROGRESS",UPPER(TRIM(D22)))) -> COMPLETED | L22: =IF(OR(LOWER(TRIM(E22))="forklift",LOWER(TRIM(E22))="fork lift",UPPER(TRIM(E22))="FL"),"FORKLIFT",UPPER(TRIM(E22))) -> FORKLIFT | M22: =IF(C22="",TODAY()-B22,C22-B22) -> 2 | N22: =_xlfn.TEXTJOIN("; ",TRUE,IF(A22="","Missing work order ID",""),IF(AND(K22="COMPLETED",C22=""),"Completed with no close date",""),IF(I22<0,"Negative parts cost",""),IF(COUNTIF($A$2:$A$24,A22)>1,"Duplicate work order ID","")) -> Missing work order ID
A23: WO-1022 | B23: 46217 | D23: Completed | E23: Conveyor | F23: Warehouse B | G23: Sam Patel | H23: 2 | I23: 120 | J23: High | K23: =IF(OR(UPPER(TRIM(D23))="CLOSED",UPPER(TRIM(D23))="COMPLETE",UPPER(TRIM(D23))="COMPLETED"),"COMPLETED",IF(UPPER(TRIM(D23))="IN PROGRESS","IN PROGRESS",UPPER(TRIM(D23)))) -> COMPLETED | L23: =IF(OR(LOWER(TRIM(E23))="forklift",LOWER(TRIM(E23))="fork lift",UPPER(TRIM(E23))="FL"),"FORKLIFT",UPPER(TRIM(E23))) -> CONVEYOR | M23: =IF(C23="",TODAY()-B23,C23-B23) -> 36 | N23: =_xlfn.TEXTJOIN("; ",TRUE,IF(A23="","Missing work order ID",""),IF(AND(K23="COMPLETED",C23=""),"Completed with no close date",""),IF(I23<0,"Negative parts cost",""),IF(COUNTIF($A$2:$A$24,A23)>1,"Duplicate work order ID","")) -> Completed with no close date
A24: WO-1019 | B24: 46215 | C24: 46217 | D24: Closed | E24: FL | F24: Warehouse B | G24: Sam Patel | H24: 2.5 | I24: 105 | J24: Medium | K24: =IF(OR(UPPER(TRIM(D24))="CLOSED",UPPER(TRIM(D24))="COMPLETE",UPPER(TRIM(D24))="COMPLETED"),"COMPLETED",IF(UPPER(TRIM(D24))="IN PROGRESS","IN PROGRESS",UPPER(TRIM(D24)))) -> COMPLETED | L24: =IF(OR(LOWER(TRIM(E24))="forklift",LOWER(TRIM(E24))="fork lift",UPPER(TRIM(E24))="FL"),"FORKLIFT",UPPER(TRIM(E24))) -> FORKLIFT | M24: =IF(C24="",TODAY()-B24,C24-B24) -> 2 | N24: =_xlfn.TEXTJOIN("; ",TRUE,IF(A24="","Missing work order ID",""),IF(AND(K24="COMPLETED",C24=""),"Completed with no close date",""),IF(I24<0,"Negative parts cost",""),IF(COUNTIF($A$2:$A$24,A24)>1,"Duplicate work order ID","")) -> Duplicate work order ID

Sheet Exceptions
A1: {=_xlfn._xlws.FILTER(Cleaned_Data!A1:N24,Cleaned_Data!N1:N24<>"","No exceptions found")} -> Work_Order_ID | B1: Open_Date | C1: Close_Date | D1: Status | E1: Equipment_Type | F1: Location | G1: Technician | H1: Labor_Hours | I1: Parts_Cost | J1: Priority | K1: Standard_Status | L1: Standard_Equipment | M1: Days_Open | N1: Data_Quality_Flag | P1: Review these records before using the dashboard for management decisions.
A2: WO-1010 | B2: 46209 | C2: 0 | D2: Completed | E2: Conveyor | F2: Warehouse A | G2: Sam Patel | H2: 2.5 | I2: 89.5 | J2: Medium | K2: COMPLETED | L2: CONVEYOR | M2: 44 | N2: Completed with no close date
A3: WO-1014 | B3: 46212 | C3: 46214 | D3: Complete | E3: Conveyor | F3: Warehouse B | G3: Jordan Lee | H3: 2 | I3: -25 | J3: Medium | K3: COMPLETED | L3: CONVEYOR | M3: 2 | N3: Negative parts cost
A4: WO-1019 | B4: 46215 | C4: 46217 | D4: Closed | E4: FL | F4: Warehouse B | G4: Sam Patel | H4: 2.5 | I4: 105 | J4: Medium | K4: COMPLETED | L4: FORKLIFT | M4: 2 | N4: Duplicate work order ID
A5: 0 | B5: 46216 | C5: 46218 | D5: Completed | E5: Forklift | F5: Warehouse A | G5: Alex Smith | H5: 2 | I5: 75 | J5: Medium | K5: COMPLETED | L5: FORKLIFT | M5: 2 | N5: Missing work order ID
A6: WO-1022 | B6: 46217 | C6: 0 | D6: Completed | E6: Conveyor | F6: Warehouse B | G6: Sam Patel | H6: 2 | I6: 120 | J6: High | K6: COMPLETED | L6: CONVEYOR | M6: 36 | N6: Completed with no close date
A7: WO-1019 | B7: 46215 | C7: 46217 | D7: Closed | E7: FL | F7: Warehouse B | G7: Sam Patel | H7: 2.5 | I7: 105 | J7: Medium | K7: COMPLETED | L7: FORKLIFT | M7: 2 | N7: Duplicate work order ID

Sheet Dashboard
A1: Field Service Operations Dashboard
A2: Fictional demonstration — operational reporting and data-quality controls
A4: KPI | B4: Value | D4: Equipment Type | E4: Work Orders
A5: Total Work Orders | B5: =COUNTA(Cleaned_Data!A2:A24) -> 22 | D5: FORKLIFT | E5: =COUNTIF(Cleaned_Data!L2:L24,D5) -> 12
A6: Open Work Orders | B6: =COUNTIF(Cleaned_Data!K2:K24,"OPEN")+COUNTIF(Cleaned_Data!K2:K24,"IN PROGRESS") -> 7 | D6: CONVEYOR | E6: =COUNTIF(Cleaned_Data!L2:L24,D6) -> 6
A7: Completed Work Orders | B7: =COUNTIF(Cleaned_Data!K2:K24,"COMPLETED") -> 16 | D7: GENERATOR | E7: =COUNTIF(Cleaned_Data!L2:L24,D7) -> 5
A8: Average Days Open | B8: =AVERAGE(Cleaned_Data!M2:M24) -> 17.608696
A9: Total Labor Hours | B9: =SUM(Cleaned_Data!H2:H24) -> 61.5
A10: Total Parts Cost | B10: =SUM(Cleaned_Data!I2:I24) -> 3048
A11: Records Requiring Review | B11: =COUNTIF(Cleaned_Data!N2:N24,"?*") -> 6
